order_id,customer_id,restaurant_id,driver_id,order_date,status,order_amount,delivery_fee,delivery_time_mins,tip_amount
1,339,25,5.0,2026/06/07,COMPLETED,71.33,5.65,78.0,
2,478,21,27.0,01/04/2026 06:16,complete,95.54,6.08,84.0,
3,366,41,110.0,2026/05/11,cancelled,95.59,2.67,,
4,381,41,58.0,2026/05/15,Cancelled,39.95,3.06,21.0,6.6
5,169,86,154.0,2026-05-24 03:27:11,cancelled,144.45,3.15,0.0,9.7
6,352,48,11.0,2026/04/29,CANCELLED,147.66,9.38,57.0,
7,102,14,84.0,01/21/2026 09:29,In Progress,$97.46,2.59,-5.0,19.86
8,26,78,86.0,2026/06/12,canceled,61.0,4.14,57.0,
9,445,23,60.0,04/25/2026 11:02,In Progress,22.96,9.59,100.0,
10,219,5,131.0,02/24/2026 06:04,complete,$38.85,2.81,16.0,
11,240,93,181.0,11/03/2025 19:57,In Progress,62.14,7.45,0.0,2.03
12,336,54,120.0,06/14/2026 15:06,delivered,110.08,5.24,65.0,5.35
13,213,11,54.0,2026/03/01,Cancelled,$114.48,7.85,-5.0,9.16
14,60,49,181.0,2026-06-25 01:48:34,CANCELLED,93.14,5.84,44.0,
15,269,70,43.0,2025-07-07 03:39:40,Completed,84.21,7.18,,16.77
16,318,76,200.0,2026/05/12,cancelled,$56.92,9.82,117.0,10.93
17,406,60,60.0,2026/02/21,pending,7.56,7.83,,
18,488,6,9.0,2025/08/10,delivered,$-18.73,6.97,18.0,4.03
19,296,14,78.0,2026/08/14,cancelled,123.19,5.04,-5.0,2.31
20,320,13,72.0,2025/07/15,cancelled,76.85,8.04,60.0,
21,370,39,139.0,04/17/2026 09:07,delivered,$21.77,4.89,93.0,
22,305,98,149.0,05/10/2026 08:28,Completed,39.83,3.24,92.0,
23,101,43,55.0,2025-06-30 11:54:46,in_progress,$-75.82,8.63,110.0,
24,75,2,190.0,2025/09/16,PENDING,15.82,5.54,0.0,
25,117,62,132.0,2026/02/27,Cancelled,12.66,7.66,0.0,
26,403,74,40.0,02/28/2026 01:55,cancelled,116.33,4.79,46.0,
27,342,87,200.0,2026/06/02,canceled,104.6,8.09,,17.77
28,392,54,139.0,04/14/2026 12:38,COMPLETED,$88.42,5.38,,
29,139,93,30.0,2025/11/24,pending,$120.64,9.05,-5.0,9.12
30,493,67,97.0,02/28/2026 19:38,pending,$87.49,4.75,,
31,55,81,94.0,2025-12-19 20:40:33,DELIVERED,105.75,4.36,82.0,1.22
32,370,67,162.0,2026/03/19,in_progress,$105.01,2.9,,
33,352,91,182.0,2025-08-20 16:26:21,PENDING,47.54,5.77,0.0,
34,319,89,38.0,2025/12/14,canceled,129.36,7.03,0.0,
35,484,29,126.0,2026/03/15,In Progress,124.14,7.91,,
36,278,94,200.0,01/03/2026 19:26,canceled,132.73,8.6,0.0,
37,450,74,62.0,2026/01/28,Cancelled,-55.53,6.5,120.0,5.09
38,152,42,58.0,05/20/2026 10:12,in_progress,16.18,2.27,54.0,
39,135,50,120.0,07/24/2025 22:02,In Progress,6.45,3.43,37.0,16.55
40,267,69,189.0,2025-11-03 18:13:56,COMPLETED,$29.63,4.77,33.0,11.47
41,111,64,20.0,2025-09-01 08:59:14,pending,133.96,7.26,102.0,
42,350,22,85.0,2026-05-31 04:58:05,completed,76.57,2.59,,
43,319,23,89.0,2025-08-25 10:50:23,canceled,$56.48,3.58,116.0,13.25
44,225,68,123.0,01/25/2026 14:29,complete,$74.33,4.51,-5.0,
45,238,86,90.0,2025/10/17,CANCELLED,22.56,4.95,-5.0,
46,408,32,103.0,2025-10-05 21:33:40,In Progress,9.73,5.1,0.0,
47,160,17,127.0,2026-03-08 23:43:50,CANCELLED,33.1,5.86,-5.0,2.28
48,184,63,157.0,2026/03/20,complete,26.6,6.77,,
49,159,81,192.0,01/22/2026 19:19,Completed,61.12,6.03,114.0,
50,52,34,92.0,2026/05/04,canceled,$25.35,6.22,-5.0,4.73
51,373,92,186.0,2026-03-16 04:45:45,cancelled,$115.07,2.1,69.0,0.54
52,216,38,49.0,2026/04/26,DELIVERED,126.45,4.09,62.0,
53,374,72,9.0,2025-07-05 18:08:27,in_progress,60.33,5.16,59.0,11.64
54,469,57,136.0,2026-06-01 07:52:07,in_progress,$80.86,8.02,0.0,
55,294,24,46.0,2026/04/09,cancelled,-58.5,2.65,34.0,
56,499,72,84.0,2025/12/22,CANCELLED,126.51,6.73,,
57,63,93,89.0,2026/08/25,DELIVERED,137.04,7.81,113.0,8.8
58,179,6,140.0,06/21/2026 19:37,DELIVERED,$71.54,8.29,-5.0,10.54
59,196,78,55.0,2025-09-04 00:16:27,Completed,96.88,7.21,92.0,5.4
60,183,24,,2025-11-16 17:33:26,Completed,74.39,6.07,103.0,15.99
61,347,55,,03/02/2026 22:43,PENDING,$115.48,6.1,-5.0,
62,204,38,,2025-08-16 15:19:18,in_progress,68.2,7.52,,5.8
63,124,64,169.0,08/07/2026 07:26,pending,141.19,9.95,,8.82
64,376,69,11.0,2026/04/02,delivered,26.86,3.23,,
65,180,59,78.0,2026/09/21,PENDING,$48.64,9.07,55.0,19.29
66,197,5,91.0,2025/09/17,completed,88.4,6.66,-5.0,13.69
67,209,82,141.0,2026/02/28,in_progress,11.0,3.86,0.0,10.79
68,214,21,114.0,10/17/2025 00:35,COMPLETED,$88.94,9.35,,
69,38,42,177.0,12/08/2025 20:44,complete,45.39,3.02,90.0,18.08
70,44,45,131.0,2026-11-04 13:34:54,cancelled,$8.58,8.68,0.0,
71,140,26,140.0,2026-04-30 15:55:21,COMPLETED,60.61,6.13,-5.0,
72,340,72,38.0,2026-02-21 14:06:00,PENDING,118.75,7.99,21.0,12.55
73,485,67,,2026/06/01,Completed,$72.62,4.66,0.0,6.97
74,224,39,108.0,2026-06-06 07:11:28,cancelled,137.88,3.88,-5.0,7.85
75,22,23,119.0,2026/01/04,in_progress,-83.68,9.76,0.0,1.69
76,419,21,,09/30/2025 23:29,PENDING,79.37,4.22,36.0,13.59
77,190,57,,2026/01/14,Cancelled,$6.47,6.58,0.0,6.19
78,436,41,39.0,2026-01-08 13:41:39,CANCELLED,84.36,5.87,-5.0,9.29
79,222,32,127.0,09/03/2025 20:07,pending,$144.58,7.07,0.0,3.88
80,391,44,45.0,2026-03-13 03:56:24,complete,118.24,8.33,108.0,
81,271,98,20.0,2025/08/05,CANCELLED,26.95,8.05,93.0,
82,114,94,157.0,2025/09/13,DELIVERED,11.43,2.09,110.0,2.05
83,90,39,81.0,2026-02-18 17:41:02,COMPLETED,62.2,6.2,36.0,5.14
84,130,18,55.0,2026/02/28,In Progress,124.09,4.6,0.0,7.77
85,489,13,185.0,2026/01/11,completed,141.75,9.21,-5.0,
86,289,84,191.0,2026/03/23,CANCELLED,53.33,8.52,-5.0,
87,236,57,74.0,2026-02-09 23:49:54,delivered,27.38,6.05,49.0,
88,66,31,10.0,2026-06-01 20:14:57,DELIVERED,$21.81,7.84,,2.0
89,176,75,149.0,10/12/2025 08:13,In Progress,61.02,4.77,56.0,
90,148,27,,2025-12-21 01:21:06,cancelled,141.79,7.29,,
91,466,96,67.0,2026-01-14 13:23:39,PENDING,$24.95,6.63,0.0,
92,484,2,188.0,09/05/2026 06:33,DELIVERED,$103.94,6.8,,1.62
93,392,29,,07/19/2025 16:21,In Progress,99.32,2.15,-5.0,
94,100,29,78.0,2025-12-25 22:45:23,completed,$82.56,6.43,-5.0,1.28
95,483,55,16.0,2025/11/24,completed,6.38,3.01,68.0,11.14
96,170,36,139.0,2026/01/31,complete,$113.91,7.58,92.0,
97,288,73,68.0,2025-09-16 21:06:46,pending,$81.92,3.74,-5.0,16.71
98,319,98,36.0,2026/03/06,completed,$83.61,7.2,103.0,
99,74,56,189.0,2026-01-06 10:51:09,canceled,8.59,4.16,48.0,3.58
100,258,67,83.0,2025/08/08,Cancelled,100.82,8.8,81.0,
101,367,77,129.0,03/22/2026 12:05,completed,134.35,6.79,-5.0,12.22
102,205,16,99.0,2026/05/10,COMPLETED,-33.99,4.97,-5.0,
103,440,90,118.0,2026-06-06 08:22:46,COMPLETED,66.27,7.11,0.0,14.64
104,276,7,176.0,2026/08/07,Completed,-67.76,5.14,,7.15
105,367,97,59.0,2025-07-30 21:39:51,pending,143.91,9.43,,
106,282,26,,12/14/2025 14:36,CANCELLED,$35.4,9.62,-5.0,
107,271,99,191.0,2026/03/09,COMPLETED,$-142.77,9.66,-5.0,14.94
108,431,51,,2026/08/01,canceled,128.69,6.83,88.0,
109,332,43,106.0,2026-01-27 08:45:22,In Progress,60.88,9.03,59.0,4.36
110,196,37,48.0,2026-03-19 17:55:06,cancelled,$16.85,8.93,82.0,
111,381,96,83.0,2025-12-08 14:05:30,Completed,-149.52,6.88,-5.0,17.63
112,311,70,128.0,2026-05-31 03:58:37,completed,$134.12,8.64,60.0,
113,125,36,152.0,2026/01/16,delivered,37.09,6.42,-5.0,12.45
114,364,53,96.0,08/05/2025 11:02,CANCELLED,$94.77,7.53,-5.0,
115,291,43,75.0,2026-01-11 16:20:36,In Progress,$7.55,6.77,0.0,17.33
116,334,86,33.0,03/29/2026 22:40,canceled,$81.27,5.42,-5.0,
117,268,67,122.0,2026/04/12,complete,$51.57,5.47,-5.0,
118,273,52,,03/03/2026 23:57,DELIVERED,15.36,9.43,,
119,488,52,192.0,2025-07-07 02:37:57,cancelled,86.92,3.84,19.0,
120,258,93,103.0,2025/07/14,delivered,$81.51,6.32,64.0,11.62
121,452,26,39.0,2026/05/01,In Progress,$-33.87,9.44,109.0,
122,247,85,80.0,2026/01/29,canceled,$31.13,9.94,73.0,
123,134,49,122.0,2026-05-09 19:25:29,Cancelled,131.45,9.59,0.0,
124,253,51,176.0,2025-09-15 12:11:30,Completed,$72.88,8.24,0.0,11.15
125,293,74,66.0,2026/05/15,PENDING,47.6,7.01,46.0,
126,116,33,164.0,06/22/2026 23:04,delivered,143.99,9.41,-5.0,
127,183,81,72.0,2026-03-06 00:26:13,DELIVERED,110.82,5.07,0.0,
128,308,47,104.0,2025/09/01,cancelled,$21.94,2.85,101.0,5.29
129,75,63,162.0,05/22/2026 03:48,complete,54.98,4.56,0.0,
130,166,26,135.0,2026-02-07 20:56:25,DELIVERED,31.27,5.16,30.0,19.12
131,486,97,173.0,01/18/2026 19:42,canceled,35.64,4.0,25.0,
132,51,40,183.0,2026/04/03,Cancelled,71.81,7.82,50.0,12.53
133,208,90,,2025-10-27 18:17:16,pending,$69.13,3.57,,2.33
134,302,84,41.0,2026/06/22,complete,78.0,2.32,111.0,
135,402,14,114.0,2026/01/27,DELIVERED,48.36,8.9,0.0,
136,149,4,83.0,2025-12-10 01:09:51,Completed,81.33,5.53,81.0,
137,407,34,78.0,2025-10-27 18:11:04,DELIVERED,$5.46,9.17,77.0,
138,358,61,195.0,2025-09-07 18:14:31,DELIVERED,$-99.79,6.31,0.0,
139,428,72,145.0,01/24/2026 09:22,pending,28.93,2.94,-5.0,13.69
140,20,32,88.0,05/31/2026 23:12,in_progress,140.35,7.9,0.0,10.96
141,152,89,145.0,2025-11-27 18:07:18,canceled,$94.61,4.96,,
142,273,66,138.0,2026-03-21 03:32:07,complete,118.45,6.72,,19.98
143,486,1,108.0,01/14/2026 11:34,Cancelled,135.6,7.84,107.0,0.84
144,137,40,46.0,2025/09/22,complete,103.35,8.14,-5.0,
145,274,11,102.0,2025/10/17,in_progress,$-26.4,4.09,,7.21
146,417,58,8.0,2026/05/14,completed,$54.42,6.49,96.0,8.32
147,377,10,67.0,2026/06/21,completed,87.9,5.98,49.0,8.23
148,225,78,175.0,2026/04/03,in_progress,$24.45,3.46,40.0,3.89
149,328,85,52.0,2025/12/20,cancelled,126.21,3.71,0.0,19.53
150,60,96,156.0,04/24/2026 20:36,PENDING,26.94,2.73,-5.0,1.19
151,116,84,18.0,2026/03/04,Completed,$110.42,5.89,0.0,
152,139,87,72.0,2026/04/07,In Progress,$29.66,9.65,0.0,
153,460,63,122.0,04/14/2026 11:00,completed,54.2,7.52,,
154,333,34,193.0,2025-10-08 19:01:59,DELIVERED,28.24,6.79,,11.13
155,445,86,32.0,03/12/2026 04:29,DELIVERED,81.0,4.34,,
156,233,4,,05/10/2026 20:09,cancelled,105.34,6.46,,
157,282,46,187.0,09/01/2025 00:00,completed,10.36,3.65,0.0,12.06
158,215,8,,2026/06/15,In Progress,14.32,6.04,0.0,
159,156,75,186.0,2026/02/03,canceled,77.13,7.94,0.0,
160,489,32,57.0,08/10/2025 18:47,In Progress,$124.42,4.05,-5.0,
161,281,71,145.0,2025-12-24 15:46:41,COMPLETED,$147.79,6.4,47.0,
162,87,67,113.0,2025/12/26,in_progress,$97.06,3.09,70.0,
163,401,95,107.0,2025/09/24,pending,46.89,2.92,0.0,
164,32,57,98.0,2026/05/15,delivered,103.38,7.37,-5.0,
165,281,61,170.0,06/08/2026 18:15,in_progress,90.0,6.34,,18.84
166,102,52,171.0,2026-04-08 11:33:01,Cancelled,107.54,3.98,22.0,16.32
167,152,74,139.0,2026-01-28 20:37:40,CANCELLED,8.32,4.03,26.0,17.28
168,303,21,6.0,12/25/2025 20:11,Cancelled,19.49,5.49,71.0,17.14
169,127,48,199.0,2026-02-10 12:02:02,canceled,$113.04,2.58,119.0,
170,382,80,175.0,2026-04-30 12:32:34,Cancelled,-60.3,6.23,,
171,155,51,196.0,2026/02/03,cancelled,79.43,2.24,21.0,18.79
172,421,7,90.0,2026/03/07,CANCELLED,125.73,9.6,0.0,17.37
173,365,1,93.0,2025/08/23,In Progress,67.79,7.63,,
174,99,66,127.0,2025-07-09 22:54:01,canceled,$64.48,7.81,29.0,
175,44,91,125.0,2025-07-17 12:15:55,pending,-93.92,9.83,0.0,
176,373,27,177.0,11/03/2025 20:30,in_progress,$60.58,3.04,,
177,370,8,133.0,2025/07/16,cancelled,101.43,6.13,,
178,275,94,38.0,05/01/2026 20:55,cancelled,35.01,7.33,,4.13
179,460,88,69.0,2026-02-06 12:47:06,PENDING,115.66,3.81,-5.0,16.18
180,297,61,114.0,04/19/2026 11:36,canceled,105.39,3.42,79.0,10.73
181,454,28,112.0,2026-04-02 08:21:01,in_progress,32.46,4.86,17.0,
182,301,25,68.0,05/01/2026 09:44,Cancelled,$18.62,3.28,,
183,420,87,29.0,08/24/2025 23:36,Completed,146.66,5.79,48.0,19.81
184,60,49,150.0,2026-04-06 00:54:45,canceled,$77.29,3.19,0.0,13.72
185,483,23,194.0,08/15/2025 15:08,DELIVERED,$9.0,8.07,-5.0,9.83
186,199,21,117.0,2025/12/26,complete,137.47,8.81,,
187,367,62,148.0,06/03/2026 06:13,delivered,79.96,8.01,-5.0,
188,473,12,13.0,2025/08/31,in_progress,149.51,3.29,0.0,
189,278,75,64.0,2026-05-15 19:48:31,canceled,113.55,7.59,,
190,407,18,137.0,06/21/2026 19:29,completed,133.71,7.82,0.0,
191,316,39,138.0,2025-09-23 07:07:19,delivered,24.82,8.31,56.0,
192,88,48,136.0,2025-11-22 06:06:55,DELIVERED,19.32,7.16,,
193,266,43,177.0,2025-08-26 13:34:02,PENDING,146.01,5.91,-5.0,2.3
194,267,50,127.0,03/30/2026 16:11,Cancelled,78.24,7.96,0.0,11.42
195,450,10,,04/11/2026 08:52,COMPLETED,138.17,5.02,69.0,
196,224,84,40.0,2026/01/19,COMPLETED,109.36,3.56,23.0,6.24
197,179,72,95.0,2026-04-27 15:20:28,complete,$21.21,2.01,36.0,9.21
198,236,87,16.0,11/20/2025 05:56,DELIVERED,26.96,2.88,-5.0,8.2
199,376,80,177.0,01/23/2026 22:18,DELIVERED,$125.19,9.86,0.0,
200,281,74,156.0,2026-06-19 02:18:35,cancelled,49.33,4.26,62.0,
201,149,64,77.0,2025/07/03,complete,$66.89,8.4,89.0,18.37
202,310,92,58.0,12/21/2025 21:50,complete,104.79,2.5,-5.0,
203,350,40,15.0,03/03/2026 07:28,In Progress,$8.41,4.91,-5.0,12.87
204,192,53,97.0,2026/02/13,Completed,55.25,5.47,0.0,10.81
205,129,88,112.0,2025/10/01,canceled,$76.96,4.21,120.0,13.98
206,158,47,101.0,02/01/2026 18:47,In Progress,$93.44,2.32,72.0,9.75
207,175,69,133.0,2025/12/22,DELIVERED,47.66,9.29,,
208,354,6,152.0,07/11/2025 15:20,cancelled,22.49,6.78,0.0,
209,483,73,98.0,2026/12/13,CANCELLED,25.16,2.94,-5.0,15.83
210,490,19,182.0,01/20/2026 04:41,in_progress,95.15,6.43,-5.0,
211,207,8,183.0,2025-11-06 22:29:13,DELIVERED,$100.93,4.73,0.0,18.82
212,154,83,181.0,2025/11/22,CANCELLED,149.54,7.99,,
213,105,68,107.0,2025-10-23 00:39:25,PENDING,66.62,9.39,0.0,10.8
214,176,100,,2026-05-20 01:22:45,COMPLETED,24.68,6.92,,
215,149,46,80.0,2026-04-20 07:45:41,cancelled,88.45,5.03,53.0,
216,167,28,197.0,12/13/2025 01:45,CANCELLED,44.1,8.5,77.0,
217,200,87,103.0,06/28/2026 17:46,canceled,45.68,4.43,85.0,
218,355,16,147.0,2025-10-25 08:45:07,DELIVERED,$45.56,7.23,99.0,
219,451,10,40.0,2025/08/28,cancelled,45.54,6.39,0.0,
220,147,55,69.0,06/01/2026 12:22,complete,$123.72,7.16,29.0,
221,455,12,23.0,2025-08-02 18:26:36,Completed,$99.24,9.58,45.0,5.14
222,291,44,1.0,2026-05-27 06:34:55,in_progress,146.38,9.57,58.0,
223,142,88,141.0,02/12/2026 10:06,complete,40.65,5.63,97.0,10.55
224,46,80,120.0,05/25/2026 03:21,DELIVERED,18.35,3.56,22.0,
225,397,65,74.0,01/01/2026 06:11,Completed,6.23,4.95,0.0,
226,484,42,7.0,2025/09/03,completed,13.39,6.48,-5.0,
227,392,67,30.0,2025-11-23 23:50:08,delivered,121.08,5.72,0.0,
228,337,97,175.0,06/01/2026 18:27,Completed,77.77,3.41,-5.0,2.03
229,18,49,1.0,2026-05-20 19:58:51,In Progress,66.56,5.47,34.0,
230,112,15,,10/08/2025 05:03,COMPLETED,67.85,6.03,59.0,10.93
231,279,83,57.0,11/26/2025 19:38,pending,140.39,8.66,18.0,17.77
232,118,59,132.0,07/26/2025 23:48,Completed,$35.59,6.33,0.0,3.72
233,423,1,84.0,09/08/2025 06:27,cancelled,15.51,2.99,,1.4
234,347,65,6.0,2026/06/23,Cancelled,$118.38,7.3,26.0,7.48
235,66,86,99.0,06/24/2026 11:55,canceled,34.51,2.0,104.0,7.4
236,145,61,180.0,2026-04-22 19:42:26,DELIVERED,$137.81,4.05,57.0,
237,374,85,100.0,09/27/2025 19:56,complete,72.65,9.16,,
238,465,23,34.0,2025-12-25 03:14:44,Cancelled,142.14,8.25,108.0,
239,235,41,30.0,2025/07/16,completed,28.23,4.36,88.0,
240,2,13,127.0,2026-01-23 07:28:56,in_progress,68.46,6.12,,18.67
241,417,13,29.0,2026/04/23,pending,$74.62,7.01,51.0,6.09
242,94,70,199.0,12/23/2025 13:31,pending,129.23,6.74,,
243,461,78,199.0,2026-05-22 23:27:17,COMPLETED,24.03,8.33,-5.0,
244,126,24,154.0,05/19/2026 22:29,COMPLETED,39.52,4.07,45.0,2.06
245,215,14,39.0,03/10/2026 15:59,delivered,$63.53,5.75,0.0,
246,459,80,131.0,03/22/2026 22:50,canceled,29.56,4.27,90.0,
247,115,2,124.0,2026-04-15 16:51:12,COMPLETED,12.94,2.75,120.0,
248,99,95,196.0,2025-08-18 18:47:16,DELIVERED,$41.36,7.69,-5.0,
249,26,36,156.0,2026/03/07,delivered,137.28,2.11,102.0,19.61
250,126,24,124.0,2026/01/10,Cancelled,114.84,2.24,-5.0,1.64
251,354,54,86.0,2025-06-30 12:43:15,delivered,56.42,8.73,,17.47
252,412,35,66.0,2026-04-18 10:20:20,complete,$63.23,2.69,65.0,18.45
253,68,55,171.0,04/20/2026 15:16,completed,145.02,2.6,0.0,9.68
254,26,3,57.0,2026-03-29 16:16:04,pending,106.4,9.09,0.0,2.2
255,31,61,89.0,2026-05-03 03:06:00,in_progress,$74.17,5.26,85.0,
256,75,39,163.0,2026/04/20,Cancelled,41.05,3.07,56.0,0.54
257,178,44,,2025-10-27 03:48:23,CANCELLED,35.72,8.76,19.0,
258,120,45,163.0,02/10/2026 06:12,complete,115.0,5.99,0.0,
259,488,27,149.0,2025-09-04 11:55:51,canceled,78.57,7.53,0.0,
260,381,2,117.0,03/22/2026 01:44,CANCELLED,59.28,5.68,0.0,5.9
261,279,41,107.0,08/01/2025 14:38,delivered,15.94,7.4,87.0,
262,18,87,137.0,2025/10/18,Completed,$121.84,5.25,,
263,356,80,59.0,2025/09/04,PENDING,63.92,8.82,,16.86
264,226,65,61.0,08/09/2025 14:18,pending,49.65,3.29,64.0,
265,134,40,100.0,03/31/2026 05:36,Cancelled,$118.39,5.05,63.0,
266,57,86,200.0,2025-10-26 13:17:11,In Progress,$95.67,9.4,46.0,
267,306,35,158.0,2025-07-09 12:44:45,DELIVERED,$102.81,3.81,50.0,
268,372,78,144.0,2025/08/09,In Progress,114.99,5.02,26.0,
269,446,68,30.0,2025-09-08 06:41:30,In Progress,$95.5,6.31,103.0,15.24
270,107,81,119.0,10/01/2025 17:02,completed,10.93,5.12,98.0,
271,314,85,164.0,08/07/2025 07:38,pending,22.02,8.0,116.0,15.63
272,156,30,99.0,2026/06/01,complete,$110.85,7.09,0.0,5.42
273,293,5,171.0,03/31/2026 23:42,in_progress,$51.42,3.82,,6.46
274,216,59,4.0,2026-03-02 06:04:58,canceled,128.23,3.51,0.0,9.07
275,240,96,119.0,11/13/2025 10:38,completed,112.96,3.16,0.0,16.31
276,464,20,37.0,2026-06-18 22:43:37,cancelled,138.88,5.69,45.0,15.84
277,243,70,109.0,09/19/2025 06:27,Cancelled,$48.28,7.33,-5.0,13.73
278,478,61,110.0,2026/01/26,cancelled,142.48,4.45,-5.0,
279,409,55,146.0,2026/04/18,canceled,$50.8,4.71,27.0,17.96
280,452,37,30.0,02/06/2026 10:11,completed,110.5,2.62,-5.0,
281,444,82,116.0,09/04/2025 07:07,in_progress,67.8,3.47,81.0,
282,454,42,148.0,2026-01-15 09:13:46,in_progress,91.33,6.76,107.0,13.29
283,261,41,108.0,2025-11-14 17:22:45,cancelled,$38.61,9.06,0.0,
284,126,89,158.0,2025/12/29,COMPLETED,97.11,9.49,0.0,13.41
285,23,36,54.0,2025/07/03,cancelled,27.59,8.88,-5.0,
286,59,75,57.0,2026-01-30 23:47:39,pending,$15.46,3.07,0.0,
287,416,59,32.0,06/14/2026 04:34,in_progress,$47.5,5.93,93.0,11.38
288,68,63,182.0,2026/05/16,Cancelled,69.48,5.06,-5.0,9.66
289,335,35,4.0,2026/04/13,Cancelled,$123.74,2.99,0.0,15.84
290,152,44,58.0,03/08/2026 13:49,complete,129.96,7.95,-5.0,
291,30,38,119.0,2026/06/14,COMPLETED,71.51,4.25,,
292,125,71,29.0,2026-01-23 21:51:27,PENDING,141.2,7.75,-5.0,3.35
293,340,39,33.0,10/02/2025 08:42,in_progress,21.36,8.07,111.0,8.56
294,399,20,114.0,2026/03/11,complete,10.42,9.35,35.0,
295,174,26,,2025/08/06,pending,$128.57,7.44,-5.0,9.93
296,95,97,198.0,2025/08/10,CANCELLED,87.92,2.13,17.0,13.52
297,318,71,38.0,12/30/2025 14:21,DELIVERED,52.65,2.26,0.0,
298,161,3,176.0,06/28/2026 04:45,in_progress,126.33,2.43,,
299,278,98,19.0,2026/03/06,DELIVERED,145.58,6.82,51.0,3.85
300,424,61,169.0,12/31/2025 05:28,CANCELLED,136.94,6.95,79.0,10.46
301,383,98,45.0,2025-08-18 01:07:12,pending,137.13,5.95,-5.0,11.42
302,439,33,39.0,2026/03/29,DELIVERED,144.16,4.39,89.0,
303,322,53,,2026-01-05 18:00:44,complete,115.13,6.2,18.0,13.47
304,162,32,200.0,03/08/2026 01:41,completed,32.58,9.8,-5.0,4.53
305,427,4,40.0,2025/12/27,cancelled,97.0,9.12,111.0,
306,346,33,16.0,2025/12/02,Cancelled,$142.48,7.67,0.0,
307,423,10,162.0,02/26/2026 10:04,delivered,-131.53,5.91,78.0,14.3
308,321,75,110.0,2026/02/21,canceled,$88.41,2.1,27.0,
309,21,50,34.0,2025-12-11 00:31:56,canceled,134.93,7.7,,
310,327,8,6.0,2026-03-16 10:39:14,cancelled,129.47,7.69,17.0,2.7
311,398,46,173.0,2026/01/30,complete,104.0,8.61,-5.0,
312,221,64,191.0,08/17/2025 21:09,DELIVERED,89.96,3.87,69.0,
313,304,78,191.0,09/25/2025 10:24,delivered,55.36,5.27,59.0,19.7
314,103,52,19.0,2025/08/19,completed,79.85,5.36,86.0,
315,231,6,23.0,2026-02-17 17:01:39,Cancelled,51.38,2.63,28.0,
316,152,58,63.0,2026-06-01 10:04:07,In Progress,77.08,8.33,108.0,9.79
317,161,88,95.0,2025-07-28 04:20:30,COMPLETED,$86.76,2.96,-5.0,12.86
318,202,92,49.0,2025/12/13,in_progress,12.77,7.51,78.0,17.62
319,289,65,9.0,2026/09/16,COMPLETED,75.36,2.82,74.0,
320,194,80,75.0,2026/05/24,PENDING,64.57,2.77,0.0,10.18
321,322,19,59.0,2026-04-05 02:10:45,completed,20.16,9.78,94.0,11.78
322,68,47,44.0,07/13/2025 08:05,CANCELLED,$120.92,7.13,16.0,
323,256,90,68.0,2025-10-06 20:21:40,Cancelled,$49.37,6.69,73.0,7.27
324,336,14,78.0,2025/11/19,COMPLETED,37.29,6.58,47.0,17.16
325,107,33,39.0,11/21/2025 11:07,In Progress,105.71,8.87,,
326,169,70,76.0,2025/12/29,pending,$61.56,3.83,-5.0,3.43
327,314,54,3.0,2025-11-03 02:49:54,COMPLETED,113.87,4.57,,
328,69,69,140.0,2026/02/24,DELIVERED,92.81,9.9,0.0,
329,82,89,127.0,10/23/2025 11:07,complete,117.35,7.77,18.0,
330,321,34,37.0,2026-05-12 22:59:25,canceled,114.57,7.17,-5.0,
331,489,75,178.0,2026-06-10 08:26:14,Cancelled,$6.49,3.68,53.0,4.7
332,323,77,52.0,2026/04/19,cancelled,$148.9,9.17,0.0,
333,392,62,31.0,08/03/2025 15:18,Cancelled,121.72,5.62,95.0,
334,37,9,115.0,2025/07/25,pending,25.95,9.71,0.0,5.41
335,412,90,95.0,09/06/2025 21:39,Cancelled,107.94,5.43,0.0,
336,294,9,56.0,2025/10/21,COMPLETED,41.91,8.53,-5.0,
337,161,73,139.0,05/22/2026 07:36,DELIVERED,33.76,7.1,,
338,256,62,40.0,2025/09/30,complete,147.45,7.48,0.0,
339,418,30,113.0,2025/08/09,completed,-38.46,5.82,0.0,
340,419,40,124.0,2025/07/20,CANCELLED,102.98,2.1,0.0,
341,85,98,17.0,06/30/2025 17:19,CANCELLED,$46.77,8.12,107.0,11.28
342,200,34,120.0,2025/11/04,Cancelled,7.33,8.06,-5.0,18.29
343,197,56,154.0,01/07/2026 03:13,complete,$95.64,7.54,-5.0,9.4
344,328,18,11.0,2026-07-22 12:05:53,completed,$149.24,4.12,48.0,2.62
345,431,32,57.0,2026-05-31 09:10:47,Completed,$76.52,3.57,75.0,12.2
346,203,47,32.0,2025-08-31 00:14:08,In Progress,$44.61,3.17,69.0,
347,186,89,87.0,2026-02-06 06:13:43,DELIVERED,$113.28,2.46,0.0,
348,402,75,185.0,2025-07-25 05:05:41,DELIVERED,140.09,4.04,0.0,
349,252,5,115.0,2025-08-24 05:02:16,Completed,83.85,9.79,38.0,
350,202,10,130.0,2025/11/09,complete,108.23,7.4,67.0,18.24
351,267,25,157.0,2026-02-08 16:04:14,PENDING,11.75,9.51,47.0,
352,159,78,24.0,2026/04/08,DELIVERED,27.44,2.75,0.0,
353,236,37,118.0,2025/08/13,COMPLETED,63.69,3.2,0.0,12.37
354,244,13,65.0,2025-11-11 20:06:17,Cancelled,42.68,6.3,-5.0,
355,128,48,70.0,01/13/2026 04:09,delivered,15.59,9.64,,
356,405,100,176.0,03/28/2026 18:16,Completed,113.87,9.25,79.0,7.31
357,368,53,36.0,2026-06-16 00:42:06,Completed,$36.93,4.39,119.0,
358,217,20,99.0,2026-03-02 14:08:24,in_progress,$85.49,6.49,0.0,
359,369,98,73.0,2025-09-28 17:37:48,DELIVERED,53.94,6.31,-5.0,
360,435,30,24.0,11/07/2025 23:54,In Progress,$112.56,7.51,0.0,3.81
361,399,41,187.0,05/07/2026 16:55,PENDING,$44.38,6.99,-5.0,
362,307,30,71.0,2025-10-22 11:16:59,delivered,41.82,9.36,83.0,
363,109,30,144.0,2025-10-24 12:07:43,In Progress,$36.07,8.63,,10.46
364,80,51,52.0,2026-05-25 03:39:38,completed,77.06,9.8,,
365,73,56,186.0,06/21/2026 00:49,canceled,$139.6,4.39,-5.0,
366,329,30,39.0,2026-06-23 23:19:06,DELIVERED,112.23,5.15,-5.0,
367,332,3,156.0,2026-04-28 11:30:10,pending,101.19,5.74,,5.37
368,410,89,15.0,2025-08-06 03:29:17,completed,$82.64,3.8,27.0,
369,491,83,20.0,06/24/2026 01:07,Cancelled,24.68,5.42,63.0,
370,176,94,69.0,2026/03/24,delivered,$29.77,7.47,0.0,
371,365,26,34.0,2026-06-21 01:25:18,PENDING,26.84,2.33,,
372,368,18,123.0,2025/07/24,COMPLETED,129.37,6.21,0.0,
373,39,83,67.0,2026/03/09,Cancelled,101.83,3.28,95.0,1.76
374,202,30,143.0,2026-05-03 18:32:36,Cancelled,57.91,6.91,86.0,
375,498,40,11.0,2025-10-04 13:28:39,completed,73.74,7.52,110.0,12.62
376,322,71,16.0,2026-01-26 22:20:18,CANCELLED,31.44,6.93,60.0,
377,444,10,5.0,2026/03/10,canceled,$55.67,5.29,58.0,
378,245,28,123.0,2026/06/26,Cancelled,25.66,9.6,,4.53
379,470,39,172.0,07/10/2025 04:07,completed,$-105.28,2.73,103.0,
380,342,53,154.0,02/21/2026 20:33,CANCELLED,109.2,9.78,53.0,
381,440,66,172.0,2025/10/08,In Progress,$27.61,5.74,116.0,18.6
382,164,66,57.0,01/23/2026 03:17,CANCELLED,109.76,8.37,-5.0,
383,148,31,130.0,2026-03-31 16:45:25,Cancelled,131.37,8.01,-5.0,
384,465,24,173.0,2025/09/26,Completed,$80.83,8.73,26.0,8.28
385,235,40,45.0,2026-10-13 00:13:07,delivered,57.27,5.3,-5.0,
386,295,3,,2025/08/07,pending,33.14,3.81,-5.0,0.64
387,1,92,63.0,04/10/2026 21:19,CANCELLED,$130.57,3.56,87.0,
388,239,11,74.0,09/29/2025 09:33,Completed,$130.11,4.77,-5.0,16.79
389,221,21,43.0,2025/07/29,pending,74.32,4.71,0.0,15.78
390,61,81,94.0,11/13/2025 01:07,Completed,98.39,9.71,-5.0,
391,96,43,166.0,2025/08/02,DELIVERED,$139.29,4.22,,11.78
392,383,41,65.0,07/22/2025 21:10,complete,113.25,2.92,29.0,
393,47,21,86.0,2025/11/01,DELIVERED,54.3,2.09,62.0,6.31
394,269,49,,2025-08-02 11:47:22,in_progress,22.98,5.41,-5.0,
395,232,91,8.0,2026/05/30,In Progress,143.8,9.91,84.0,6.24
396,130,21,93.0,10/24/2025 11:33,Cancelled,59.78,5.65,,
397,11,7,90.0,2025/12/14,cancelled,$138.08,4.43,0.0,5.05
398,390,64,15.0,12/29/2025 04:43,PENDING,$91.66,8.72,,
399,390,84,148.0,02/25/2026 01:05,canceled,127.64,8.38,0.0,0.83
400,488,79,177.0,03/05/2026 18:41,Completed,$66.03,2.55,79.0,15.85
401,146,70,120.0,2026/04/20,in_progress,32.67,6.97,0.0,
402,29,22,24.0,2026-12-10 20:33:18,PENDING,$66.21,7.65,65.0,
403,487,87,161.0,2026-02-13 07:34:50,cancelled,104.45,3.42,103.0,
404,190,19,103.0,2026-01-28 22:46:16,PENDING,$11.75,6.34,0.0,3.25
405,35,46,200.0,05/31/2026 06:02,pending,$26.28,4.87,38.0,4.69
406,339,39,58.0,12/31/2025 17:43,cancelled,$46.08,8.2,,18.23
407,430,62,101.0,2025-08-05 16:48:26,delivered,109.24,2.07,,2.76
408,148,67,186.0,03/08/2026 02:29,PENDING,27.34,3.91,0.0,8.66
409,13,62,143.0,2026/01/22,pending,20.76,8.58,,
410,365,84,188.0,07/22/2025 21:22,COMPLETED,32.68,2.77,0.0,0.85
411,246,51,72.0,2026-02-05 14:28:04,in_progress,94.27,2.66,0.0,19.65
412,238,92,158.0,03/18/2026 04:15,pending,$136.98,2.03,0.0,14.75
413,108,27,103.0,2025/10/13,DELIVERED,106.88,7.72,50.0,18.19
414,301,49,91.0,2025/10/09,DELIVERED,92.62,5.8,39.0,15.98
415,318,55,55.0,09/26/2025 09:21,In Progress,87.81,4.7,0.0,0.88
416,471,12,165.0,2026-07-31 13:48:56,Completed,104.97,7.24,-5.0,
417,482,22,70.0,03/17/2026 08:21,In Progress,148.53,5.21,-5.0,4.86
418,121,9,171.0,2025/07/25,COMPLETED,143.32,9.63,82.0,
419,57,91,,11/07/2025 18:01,delivered,$19.69,8.76,,18.75
420,198,46,77.0,2025-08-31 02:09:19,Cancelled,$96.98,2.14,120.0,
421,148,78,107.0,2025/08/30,in_progress,$89.95,8.78,101.0,
422,176,63,178.0,01/24/2026 23:47,In Progress,50.27,4.5,60.0,3.06
423,119,83,71.0,2025/08/04,pending,$141.49,6.8,45.0,
424,30,75,56.0,2026/05/03,complete,122.52,9.5,98.0,12.5
425,478,92,162.0,2025-09-09 22:49:19,completed,101.58,8.54,0.0,
426,16,73,155.0,07/20/2025 21:24,DELIVERED,55.7,5.93,,15.17
427,492,12,112.0,2026-03-25 20:48:07,Cancelled,39.68,9.81,72.0,
428,162,10,,2025/07/14,in_progress,19.68,4.67,45.0,13.18
429,45,11,166.0,2025-10-30 07:16:33,cancelled,126.81,6.14,56.0,6.18
430,3,89,174.0,2025/08/04,PENDING,-106.09,4.13,,16.44
431,135,4,143.0,2026/06/20,cancelled,71.05,5.84,91.0,
432,250,20,,2025/07/14,complete,132.06,8.76,52.0,5.35
433,383,27,90.0,11/03/2025 07:08,delivered,108.42,7.76,,
434,453,94,24.0,2026/02/14,Completed,$-108.88,9.65,-5.0,
435,476,70,113.0,12/05/2025 10:15,delivered,131.99,4.93,,12.08
436,112,88,196.0,2025/11/13,CANCELLED,$106.47,7.31,45.0,
437,49,42,59.0,11/25/2025 12:52,in_progress,77.43,2.75,0.0,6.54
438,277,8,15.0,2025/10/02,in_progress,142.54,2.99,86.0,
439,314,20,5.0,03/21/2026 08:47,DELIVERED,$38.5,7.04,96.0,9.65
440,234,78,167.0,2025-08-18 22:58:05,Cancelled,$127.47,9.68,0.0,
441,400,9,160.0,10/23/2025 04:59,delivered,146.62,2.2,-5.0,4.72
442,48,92,170.0,2026/06/25,Completed,$10.63,4.59,,
443,148,1,19.0,2026/01/25,in_progress,$112.4,2.7,0.0,1.13
444,222,26,46.0,2026-01-13 03:25:16,CANCELLED,149.28,3.31,,
445,426,57,86.0,2025/08/25,complete,136.33,2.6,113.0,6.3
446,182,36,123.0,2025-09-01 11:53:36,COMPLETED,28.29,4.55,0.0,6.71
447,183,92,,02/27/2026 18:28,delivered,$108.92,5.62,39.0,16.05
448,102,72,84.0,2026-04-01 08:14:26,completed,$25.59,5.06,109.0,
449,90,9,191.0,2025-09-24 02:11:19,in_progress,46.87,7.51,,14.1
450,343,35,141.0,2026/05/16,Completed,57.32,8.05,-5.0,3.0
451,45,53,189.0,2026-06-21 11:29:13,CANCELLED,$90.51,5.41,,2.16
452,477,70,163.0,2026/04/30,completed,47.8,6.01,97.0,14.44
453,108,47,184.0,2026-05-01 17:58:06,DELIVERED,101.5,2.05,-5.0,
454,106,49,16.0,2025-12-11 18:11:47,pending,101.72,7.12,,
455,41,14,39.0,2026-04-26 13:21:53,PENDING,-134.68,4.69,19.0,
456,419,21,53.0,07/02/2025 04:44,In Progress,$22.71,7.16,56.0,6.12
457,443,8,116.0,11/19/2025 09:47,CANCELLED,$58.31,7.67,0.0,3.06
458,233,55,146.0,2025-08-16 06:00:45,in_progress,$42.8,5.33,32.0,17.69
459,95,99,158.0,2026/02/19,DELIVERED,75.58,5.93,0.0,
460,126,50,112.0,2025-08-19 11:29:45,in_progress,$24.16,5.79,58.0,15.42
461,207,99,185.0,2025-08-09 21:35:00,DELIVERED,138.23,4.33,0.0,11.21
462,447,100,197.0,2026-05-06 23:37:57,Cancelled,79.14,6.02,,17.53
463,216,34,166.0,2025-08-08 08:44:34,delivered,$76.82,4.83,0.0,
464,176,22,36.0,05/08/2026 14:29,cancelled,132.07,2.08,85.0,
465,50,51,150.0,2026-09-01 15:31:18,CANCELLED,145.99,5.83,,9.23
466,409,60,33.0,2025-10-15 09:24:24,Cancelled,$107.78,9.01,-5.0,4.43
467,258,85,57.0,06/24/2026 03:53,Cancelled,$73.76,8.64,0.0,14.78
468,487,85,82.0,2025-11-29 02:06:27,cancelled,$97.14,6.74,,
469,261,5,71.0,2025-12-11 02:01:16,COMPLETED,115.0,2.04,0.0,
470,153,32,137.0,2025-08-22 18:28:45,completed,-124.76,6.7,-5.0,18.47
471,283,23,197.0,2025-12-30 09:08:44,delivered,$67.41,2.74,-5.0,9.56
472,255,20,17.0,2026/05/07,Completed,$99.26,6.85,-5.0,11.96
473,92,69,61.0,2026-06-02 17:24:51,In Progress,8.5,2.68,0.0,
474,346,16,11.0,11/28/2025 17:18,completed,$107.97,5.82,-5.0,18.19
475,117,47,76.0,2025/10/15,canceled,53.76,4.66,0.0,2.4
476,332,39,76.0,2025/09/07,completed,$83.48,4.51,,3.33
477,182,62,11.0,05/28/2026 19:04,In Progress,122.29,3.99,91.0,
478,480,31,68.0,11/01/2025 12:51,canceled,117.0,4.5,-5.0,
479,110,20,44.0,01/11/2026 02:23,canceled,75.59,2.37,89.0,9.15
480,214,18,48.0,2025-08-05 08:25:55,DELIVERED,100.04,4.5,,
481,248,75,49.0,04/14/2026 09:48,CANCELLED,33.82,9.39,-5.0,
482,376,25,37.0,2026/05/05,complete,67.28,5.09,61.0,
483,411,35,198.0,2025-07-21 08:43:25,PENDING,72.62,6.33,27.0,
484,230,52,127.0,2025/12/18,In Progress,$47.72,7.37,110.0,2.11
485,179,91,38.0,01/15/2026 08:23,COMPLETED,$31.18,2.87,-5.0,13.17
486,217,51,71.0,08/27/2025 05:24,pending,85.52,7.56,41.0,5.33
487,395,36,114.0,06/18/2026 11:19,delivered,132.34,6.76,0.0,8.24
488,443,80,135.0,2026-03-12 21:55:34,Cancelled,$137.57,4.0,,
489,487,1,143.0,2025/08/12,pending,36.15,8.54,-5.0,
490,149,51,86.0,12/31/2025 23:10,CANCELLED,137.77,7.51,31.0,10.75
491,239,86,140.0,2026/02/03,COMPLETED,93.76,8.39,0.0,
492,405,93,16.0,03/08/2026 17:05,canceled,41.7,4.38,,
493,9,80,111.0,2026/05/12,PENDING,79.32,7.23,-5.0,6.38
494,405,95,118.0,2026/06/28,complete,$24.25,5.78,0.0,14.34
495,310,67,153.0,2025/12/24,Completed,$-71.54,5.16,16.0,
496,36,4,164.0,2026/06/24,pending,$128.06,8.0,,
497,438,59,90.0,07/20/2025 07:41,in_progress,7.43,2.18,-5.0,
498,451,2,75.0,2026/02/17,in_progress,$132.54,2.64,24.0,13.29
499,468,37,101.0,2026/03/08,COMPLETED,$107.93,2.61,47.0,15.03
500,260,1,,10/02/2025 01:44,In Progress,$-55.14,8.44,0.0,13.48
501,437,41,165.0,2026/01/24,PENDING,$7.63,4.74,40.0,11.28
502,235,71,81.0,04/14/2026 16:08,delivered,64.18,3.27,88.0,16.4
503,224,48,66.0,07/09/2025 05:01,delivered,103.86,8.19,0.0,
504,120,39,107.0,08/19/2025 12:11,COMPLETED,56.4,4.61,-5.0,6.38
505,212,5,69.0,05/29/2026 15:25,pending,$123.48,2.16,,
506,145,14,106.0,08/12/2025 06:03,Cancelled,137.13,6.28,,5.43
507,288,87,78.0,2026-06-09 02:09:33,cancelled,7.34,2.63,-5.0,
508,403,49,1.0,01/18/2026 16:29,CANCELLED,95.14,5.12,-5.0,11.27
509,280,96,139.0,2025/11/15,canceled,$143.92,9.86,-5.0,13.92
510,91,65,147.0,11/04/2025 08:40,delivered,$36.92,6.8,0.0,
511,361,3,80.0,2026/03/16,in_progress,37.9,5.88,-5.0,
512,446,25,93.0,2025-08-21 12:16:48,In Progress,29.32,3.76,0.0,
513,299,90,51.0,2026-03-07 10:01:49,cancelled,83.86,8.28,,
514,78,40,113.0,2026-04-14 21:00:03,DELIVERED,39.14,4.59,107.0,
515,371,93,89.0,02/14/2026 12:36,completed,37.16,2.73,47.0,
516,165,86,1.0,02/04/2026 17:55,PENDING,18.78,7.27,-5.0,
517,76,49,103.0,02/11/2026 19:14,Cancelled,75.39,4.75,,
518,461,54,174.0,05/11/2026 12:30,CANCELLED,92.06,4.02,-5.0,11.25
519,1,82,,01/18/2026 13:21,cancelled,93.55,5.54,,
520,397,18,93.0,2026/06/13,COMPLETED,$139.32,8.46,50.0,
521,85,28,82.0,11/06/2026 05:25,COMPLETED,$119.64,3.14,0.0,1.21
522,295,40,106.0,2025-11-09 04:50:20,pending,141.77,4.51,-5.0,5.61
523,28,90,,07/31/2025 04:57,COMPLETED,64.64,5.07,-5.0,1.47
524,209,78,137.0,2025-08-22 04:09:27,DELIVERED,52.25,2.76,,12.14
525,384,39,42.0,2026-06-21 09:15:07,In Progress,-135.32,9.18,,
526,482,94,157.0,2026-05-28 16:58:18,PENDING,$36.51,4.99,104.0,
527,296,6,26.0,2026/10/03,CANCELLED,$11.09,3.02,-5.0,
528,33,75,187.0,10/28/2026 17:17,Completed,$7.26,4.06,,
529,101,7,43.0,01/30/2026 02:48,complete,$57.79,2.2,118.0,15.09
530,453,63,98.0,2025-11-01 15:25:22,COMPLETED,66.97,7.34,82.0,
531,105,31,143.0,11/24/2025 04:00,Completed,33.62,3.98,49.0,18.91
532,105,19,47.0,2025/08/07,Cancelled,140.99,5.52,69.0,4.08
533,284,57,164.0,2026/03/16,Cancelled,$87.08,4.48,,5.9
534,3,86,,10/28/2026 10:49,pending,96.83,7.23,108.0,
535,3,65,76.0,12/08/2025 14:38,Cancelled,$120.6,4.11,0.0,
536,378,53,197.0,2026-05-06 03:18:08,completed,103.38,9.43,94.0,11.45
537,174,65,2.0,2026/06/21,canceled,66.81,4.22,22.0,
538,211,4,143.0,2026-03-05 16:33:02,Cancelled,70.34,6.95,71.0,14.84
539,148,40,85.0,01/29/2026 10:47,complete,64.0,8.88,-5.0,
540,2,19,45.0,09/11/2025 20:43,complete,56.11,2.09,114.0,7.86
541,185,33,43.0,2026-05-21 04:27:11,delivered,$61.78,5.29,26.0,
542,315,66,74.0,06/01/2026 14:53,Cancelled,13.76,2.31,27.0,0.92
543,63,1,9.0,2026/06/27,cancelled,72.24,9.86,0.0,
544,327,2,104.0,2026-03-10 17:59:03,complete,20.38,3.81,62.0,
545,349,16,168.0,2026-02-20 04:00:22,complete,26.77,7.5,31.0,19.39
546,347,100,191.0,01/24/2026 00:39,delivered,31.77,2.24,-5.0,14.52
547,109,38,100.0,2026-09-01 18:08:48,canceled,$71.37,7.72,59.0,
548,263,89,147.0,01/15/2026 06:31,cancelled,138.21,7.95,-5.0,5.35
549,204,66,152.0,2026/01/24,complete,65.65,6.15,0.0,
550,260,93,170.0,01/29/2026 07:28,cancelled,$19.62,5.04,55.0,
551,464,5,179.0,2025-08-21 12:09:14,delivered,82.91,3.97,82.0,
552,487,53,,2025/10/07,Cancelled,$8.96,5.96,,
553,105,90,44.0,03/06/2026 06:20,in_progress,$113.57,4.91,,6.96
554,326,38,77.0,2025/12/01,PENDING,$139.03,4.4,-5.0,
555,95,32,149.0,2026-01-28 12:47:15,DELIVERED,113.62,7.18,45.0,
556,82,96,129.0,06/02/2026 11:39,in_progress,$124.61,8.61,0.0,
557,257,85,137.0,2025/09/12,Completed,$44.27,5.16,-5.0,0.48
558,159,16,140.0,2026-01-03 07:20:46,delivered,$109.01,2.82,0.0,16.88
559,379,98,90.0,11/28/2025 21:42,delivered,$95.28,2.8,0.0,4.85
560,299,23,173.0,2025/07/25,COMPLETED,$109.3,6.85,63.0,0.97
561,308,9,140.0,06/11/2026 03:57,delivered,135.05,9.45,105.0,3.82
562,398,21,68.0,2025/12/12,cancelled,138.84,8.48,-5.0,12.71
563,53,23,,2026-02-25 08:30:06,canceled,128.98,2.3,0.0,16.69
564,143,98,,04/05/2026 11:52,in_progress,54.15,7.28,-5.0,10.0
565,335,98,113.0,2026-01-13 01:08:27,pending,50.53,9.0,104.0,7.34
566,354,7,138.0,2025/09/12,canceled,$124.88,8.48,113.0,
567,280,59,5.0,2026-03-19 04:37:13,canceled,14.94,4.15,22.0,12.19
568,302,82,,2026/05/17,COMPLETED,$141.58,7.92,-5.0,
569,198,100,47.0,2025/10/12,delivered,$144.83,4.74,-5.0,
570,171,80,137.0,09/25/2025 17:09,complete,$31.81,6.37,,
571,46,46,12.0,04/09/2026 07:49,PENDING,45.97,3.16,-5.0,
572,495,9,103.0,2026/06/26,completed,69.45,7.8,15.0,15.94
573,352,57,110.0,2025/08/13,DELIVERED,99.33,7.03,,15.34
574,363,86,164.0,2025-09-07 02:48:41,completed,$97.94,8.69,-5.0,
575,197,62,25.0,03/29/2026 07:54,COMPLETED,18.9,3.67,,
576,152,42,17.0,07/21/2025 20:17,pending,80.82,4.59,26.0,
577,448,88,85.0,03/23/2026 02:08,in_progress,$18.32,7.35,22.0,8.17
578,54,41,,2025/11/05,Completed,90.72,8.79,99.0,
579,229,3,171.0,2026/04/10,PENDING,118.32,8.28,-5.0,16.69
580,477,9,,2026/06/07,CANCELLED,105.98,3.01,89.0,
581,339,36,93.0,2025-11-19 13:36:28,cancelled,25.66,3.06,,
582,500,89,57.0,2025-10-26 17:04:46,canceled,124.54,5.67,-5.0,
583,154,58,103.0,11/05/2025 17:34,COMPLETED,101.17,4.89,0.0,
584,348,64,166.0,2026-01-11 04:38:01,COMPLETED,81.12,2.95,0.0,
585,457,69,43.0,2025/07/03,cancelled,73.08,5.27,70.0,10.05
586,49,1,,2026-06-20 21:20:55,In Progress,-64.96,5.24,0.0,15.29
587,338,20,33.0,2025-09-09 10:15:32,complete,54.86,6.71,56.0,
588,190,21,52.0,02/27/2026 05:31,PENDING,36.04,2.09,,11.37
589,377,99,96.0,2025-08-03 14:09:53,DELIVERED,$27.44,9.68,-5.0,11.29
590,319,85,133.0,2026/01/10,In Progress,30.49,8.91,0.0,
591,284,54,191.0,02/11/2026 19:19,completed,$77.34,9.39,,
592,463,35,105.0,2026-02-19 02:14:50,cancelled,$59.03,3.53,0.0,19.48
593,148,9,112.0,2026-05-05 21:37:16,Completed,$119.55,9.39,119.0,
594,363,78,33.0,05/29/2026 11:13,COMPLETED,$16.08,2.58,-5.0,1.35
595,382,64,62.0,02/18/2026 10:44,complete,144.52,5.43,64.0,18.53
596,393,81,159.0,2026-08-06 19:55:07,Cancelled,92.73,6.64,0.0,8.14
597,125,76,124.0,2026/04/22,DELIVERED,110.96,5.16,-5.0,10.52
598,30,85,88.0,10/26/2025 12:47,pending,86.49,6.65,31.0,18.78
599,445,45,127.0,10/14/2025 10:30,COMPLETED,16.63,9.95,52.0,19.52
600,426,69,,2026/04/06,cancelled,67.09,2.55,0.0,14.76
601,398,17,109.0,2025/11/06,complete,143.62,7.3,0.0,16.52
602,481,22,114.0,2026/06/29,CANCELLED,6.72,7.62,115.0,
603,430,29,54.0,2025/12/23,complete,32.88,9.05,0.0,0.99
604,443,7,168.0,07/07/2025 23:37,delivered,74.0,6.36,71.0,
605,115,41,194.0,03/16/2026 12:43,complete,112.86,4.68,0.0,14.1
606,7,9,130.0,08/27/2025 01:26,Completed,101.78,9.49,28.0,0.53
607,453,18,104.0,2026/02/10,DELIVERED,7.04,2.93,-5.0,12.34
608,323,5,128.0,2025-11-28 00:52:09,Cancelled,18.1,6.85,66.0,
609,141,15,,05/22/2026 10:49,complete,5.74,2.02,0.0,2.2
610,124,17,197.0,06/17/2026 08:27,cancelled,50.86,9.16,0.0,7.26
611,366,16,62.0,01/15/2026 13:45,complete,137.86,4.81,,0.19
612,398,54,3.0,2025-11-29 02:36:16,delivered,$91.2,5.31,23.0,
613,248,100,,2026-06-06 11:59:48,Cancelled,25.53,5.44,-5.0,15.0
614,137,26,91.0,03/02/2026 18:56,In Progress,59.84,9.84,,
615,21,26,121.0,2025-11-09 11:13:34,DELIVERED,$94.96,7.72,39.0,2.1
616,108,69,136.0,2025-10-26 04:44:08,PENDING,$83.69,2.49,27.0,0.41
617,18,33,90.0,2025/08/02,COMPLETED,$-10.81,9.32,35.0,7.7
618,218,60,36.0,01/17/2026 16:50,pending,123.5,5.53,66.0,4.16
619,192,81,66.0,05/27/2026 17:38,canceled,67.87,2.97,,
620,330,84,107.0,2026-04-16 19:08:35,completed,88.62,1.99,,
621,267,34,196.0,2025-10-29 13:43:23,canceled,48.46,3.58,-5.0,16.18
622,61,28,129.0,06/28/2026 11:18,Completed,67.8,2.04,-5.0,11.58
623,126,13,115.0,01/01/2026 07:25,delivered,33.23,7.02,,
624,412,8,24.0,2025-08-10 21:50:59,COMPLETED,57.42,5.21,0.0,15.7
625,197,71,15.0,11/10/2025 23:28,Cancelled,$24.44,8.77,-5.0,1.29
626,264,2,119.0,2026-06-14 00:17:46,cancelled,$103.79,3.76,34.0,7.89
627,221,70,127.0,2025-07-21 03:16:06,CANCELLED,-144.99,4.0,-5.0,8.95
628,93,46,10.0,2026-01-24 15:02:17,PENDING,-25.01,4.05,48.0,
629,63,84,22.0,2026-05-11 17:12:43,cancelled,68.94,3.51,-5.0,15.38
630,437,13,184.0,2025/11/28,delivered,102.04,9.91,78.0,
631,444,13,44.0,04/22/2026 08:48,In Progress,$98.67,2.02,0.0,
632,459,58,126.0,09/21/2025 01:21,CANCELLED,39.61,4.14,,19.49
633,196,5,1.0,2025/08/27,Cancelled,17.28,2.89,-5.0,9.35
634,371,19,180.0,2025/08/19,Completed,$78.48,6.17,,
635,179,51,,11/01/2025 13:43,completed,29.65,3.81,,5.28
636,46,46,149.0,2025-10-09 20:09:23,DELIVERED,$59.58,5.38,47.0,
637,414,76,115.0,2026/06/01,PENDING,84.66,9.71,-5.0,
638,487,1,6.0,01/16/2026 12:52,cancelled,$112.11,3.33,69.0,
639,136,29,93.0,2026-05-17 04:21:06,PENDING,$48.78,6.18,59.0,9.88
640,199,44,122.0,07/26/2025 12:06,Completed,$149.38,6.42,,4.67
641,180,35,112.0,2025-08-04 07:33:17,PENDING,35.33,3.27,48.0,
642,306,53,172.0,2026/01/01,in_progress,$132.35,5.68,39.0,11.43
643,62,51,54.0,04/19/2026 15:37,In Progress,103.31,2.41,94.0,
644,341,86,72.0,09/20/2025 10:42,complete,99.98,3.69,40.0,
645,45,28,167.0,03/12/2026 16:57,completed,$138.53,8.13,116.0,
646,384,74,40.0,2025-12-24 18:23:14,pending,84.3,2.9,21.0,6.98
647,78,80,189.0,2026/06/07,complete,94.19,2.93,22.0,16.8
648,394,64,7.0,2025/08/17,PENDING,44.9,8.59,-5.0,
649,291,80,150.0,11/20/2025 07:48,cancelled,140.08,3.9,22.0,
650,344,47,23.0,2026/04/24,complete,$22.38,7.02,78.0,18.12
651,342,54,190.0,2026/06/14,pending,$20.41,8.55,0.0,
652,57,18,4.0,2026-02-20 20:50:27,DELIVERED,$108.6,2.2,58.0,8.76
653,314,65,159.0,2025/10/12,complete,90.4,6.38,,12.71
654,264,20,37.0,2025/12/02,Completed,21.9,2.95,100.0,0.04
655,219,16,110.0,04/01/2026 07:44,Cancelled,92.01,2.01,105.0,16.04
656,62,52,151.0,2025-10-29 19:50:46,Cancelled,107.29,8.0,,
657,419,86,27.0,2025-09-21 08:44:03,canceled,$111.29,2.76,0.0,16.1
658,228,49,123.0,08/27/2025 18:38,In Progress,59.48,3.4,15.0,
659,166,42,95.0,09/07/2025 04:59,canceled,117.18,5.34,40.0,5.36
660,77,56,56.0,07/26/2025 00:14,pending,$48.12,9.92,89.0,
661,354,97,69.0,2025-12-07 10:29:42,DELIVERED,$17.02,8.27,,
662,20,79,181.0,10/15/2025 19:28,CANCELLED,33.43,7.79,-5.0,12.47
663,212,17,122.0,2026/03/10,CANCELLED,135.46,7.99,47.0,
664,226,88,176.0,2025-09-03 22:18:45,completed,$32.69,9.46,48.0,3.92
665,106,71,186.0,2025/07/08,canceled,149.29,2.16,0.0,14.68
666,204,23,147.0,06/30/2025 05:33,CANCELLED,56.11,9.53,36.0,19.24
667,281,70,125.0,2025/08/01,Cancelled,107.87,6.62,117.0,0.03
668,333,55,72.0,2026-01-09 18:14:28,DELIVERED,128.94,4.47,-5.0,1.44
669,98,18,72.0,2025/07/02,pending,97.01,2.94,,17.82
670,260,17,50.0,2025-11-02 12:59:10,Completed,31.02,3.06,95.0,
671,45,46,154.0,09/25/2025 18:44,Completed,110.86,6.16,75.0,
672,95,51,58.0,10/30/2025 11:37,canceled,92.46,9.78,-5.0,
673,457,45,25.0,2025/10/01,complete,$69.08,4.55,0.0,5.55
674,34,46,137.0,2026-06-15 05:06:09,delivered,124.15,3.48,-5.0,
675,396,7,42.0,2025-09-06 09:54:47,canceled,92.52,4.23,45.0,3.08
676,5,17,189.0,2025/08/04,In Progress,135.91,7.45,0.0,16.32
677,112,5,100.0,01/09/2026 13:33,CANCELLED,81.76,8.43,-5.0,
678,421,16,171.0,2026-01-14 00:49:39,Completed,109.09,4.14,44.0,
679,496,20,163.0,2026-06-29 02:42:25,cancelled,$12.49,6.54,108.0,14.17
680,226,16,145.0,2025-10-31 22:13:44,COMPLETED,$145.42,5.67,-5.0,
681,473,15,108.0,2026-02-22 19:03:43,PENDING,$143.1,5.33,72.0,
682,172,68,132.0,2026/06/08,complete,$7.59,9.31,,
683,385,65,80.0,2025-09-26 10:01:51,DELIVERED,$-92.6,7.46,60.0,
684,95,89,150.0,08/16/2025 20:49,cancelled,$43.02,5.51,51.0,
685,420,34,89.0,2025/11/01,canceled,14.61,8.49,54.0,
686,470,78,97.0,2025-09-06 18:14:35,In Progress,$83.2,2.73,0.0,3.05
687,427,15,71.0,2025-12-05 17:09:02,in_progress,-121.54,4.84,116.0,
688,54,37,11.0,2025/07/13,complete,$79.34,8.21,39.0,9.86
689,38,34,168.0,2026-04-28 05:55:33,canceled,$84.63,2.52,120.0,
690,145,68,109.0,2025/09/27,In Progress,80.02,2.16,35.0,
691,119,87,49.0,07/16/2025 03:03,canceled,$147.97,6.82,118.0,
692,467,97,150.0,2025-12-12 17:08:32,DELIVERED,$8.93,2.54,-5.0,
693,231,40,105.0,10/08/2025 23:48,pending,132.91,8.79,,
694,119,12,14.0,2026/03/07,cancelled,124.93,2.24,103.0,7.69
695,41,81,177.0,2026/02/25,in_progress,$75.87,5.27,21.0,
696,472,67,118.0,2026/04/28,COMPLETED,-105.55,4.86,0.0,12.78
697,86,55,170.0,09/30/2025 14:40,COMPLETED,125.02,6.84,0.0,9.86
698,343,84,123.0,04/24/2026 08:17,PENDING,$75.99,2.01,,
699,469,42,36.0,2026/05/27,canceled,$28.0,4.52,,5.73
700,180,56,81.0,2026/02/20,DELIVERED,$37.98,5.88,109.0,14.69
701,379,100,153.0,2025/08/10,Completed,42.05,9.79,-5.0,18.91
702,61,27,51.0,10/08/2025 20:14,COMPLETED,139.04,3.39,81.0,17.32
703,454,99,120.0,2026/03/15,delivered,$96.43,3.35,107.0,
704,460,4,115.0,2026/01/05,Cancelled,73.95,9.96,56.0,19.4
705,149,96,108.0,2025-08-02 08:49:17,canceled,83.92,2.74,-5.0,
706,326,1,43.0,2026/01/04,in_progress,12.58,4.33,0.0,
707,127,96,91.0,09/09/2025 07:47,canceled,$123.57,9.01,0.0,16.69
708,109,17,74.0,2025-08-01 03:42:23,Completed,121.08,8.37,62.0,
709,17,7,12.0,2026/02/10,DELIVERED,148.47,5.89,38.0,
710,374,83,78.0,2026-02-06 16:10:46,canceled,29.68,7.91,,
711,181,72,199.0,11/30/2025 18:01,Cancelled,23.01,7.39,0.0,
712,50,14,96.0,05/12/2026 11:38,In Progress,64.57,6.06,0.0,
713,46,59,163.0,03/25/2026 06:53,DELIVERED,$148.72,2.16,-5.0,
714,61,96,85.0,2025/07/19,CANCELLED,5.58,6.91,81.0,15.75
715,375,37,,2025-09-07 18:43:46,In Progress,35.18,5.57,-5.0,
716,86,77,12.0,2025/06/30,DELIVERED,$117.11,6.54,84.0,4.85
717,272,47,166.0,2025/12/17,canceled,33.67,7.56,0.0,
718,393,15,145.0,2026/06/16,COMPLETED,$79.04,8.56,-5.0,13.99
719,440,4,188.0,2025/11/28,pending,33.53,8.39,,0.34
720,157,10,11.0,2025/08/06,CANCELLED,67.09,4.64,90.0,
721,172,33,132.0,09/07/2025 12:58,canceled,134.37,9.5,,6.61
722,295,90,51.0,2026/05/10,COMPLETED,136.14,9.58,-5.0,1.04
723,415,12,196.0,2025/10/09,complete,$71.33,5.03,-5.0,
724,393,70,,10/12/2025 09:06,canceled,104.47,4.42,,
725,413,84,91.0,2026/05/21,canceled,96.44,3.11,52.0,
726,434,8,67.0,2025-09-10 00:06:45,complete,141.56,8.27,,7.59
727,105,94,54.0,2026/04/01,Completed,138.57,2.62,0.0,19.79
728,232,83,94.0,2026/09/17,canceled,$133.71,6.99,0.0,
729,404,74,157.0,02/09/2026 05:47,complete,15.92,7.41,0.0,
730,433,52,181.0,2026/06/26,pending,58.21,8.95,23.0,3.97
731,462,30,80.0,06/11/2026 09:19,PENDING,$33.67,7.91,,10.98
732,28,82,105.0,2026-06-29 20:58:42,cancelled,55.24,7.13,0.0,10.97
733,363,71,181.0,10/30/2025 14:20,CANCELLED,$42.97,5.29,102.0,10.74
734,480,21,165.0,2025/11/08,delivered,43.46,7.07,,
735,92,87,31.0,2025/11/23,completed,$82.28,2.68,52.0,
736,169,88,155.0,2025-09-24 05:39:01,COMPLETED,102.32,3.2,-5.0,17.14
737,308,58,54.0,2025/07/15,completed,75.4,8.82,,16.2
738,41,70,151.0,2025/10/26,Cancelled,$143.28,3.82,44.0,1.7
739,492,65,61.0,2025-08-28 21:37:04,pending,104.04,7.33,,15.13
740,232,5,116.0,03/23/2026 04:56,cancelled,29.55,2.1,0.0,
741,307,36,156.0,2026/01/06,in_progress,136.96,7.75,-5.0,11.46
742,406,36,157.0,09/01/2025 13:09,pending,$133.33,8.43,32.0,
743,258,24,74.0,2025-09-08 08:07:07,PENDING,$41.34,5.24,101.0,
744,494,32,197.0,03/13/2026 23:13,pending,$147.35,6.21,,4.06
745,317,56,145.0,12/28/2025 09:57,COMPLETED,10.97,5.2,42.0,11.59
746,28,31,100.0,2026/01/08,COMPLETED,$96.27,8.03,-5.0,0.67
747,68,78,54.0,2025/11/11,PENDING,$46.34,2.63,19.0,2.9
748,276,12,148.0,06/08/2026 23:54,In Progress,44.73,7.54,0.0,7.74
749,178,86,168.0,10/24/2025 02:45,in_progress,$48.16,2.28,111.0,18.09
750,324,3,143.0,01/05/2026 05:05,Cancelled,70.58,7.06,,8.69
751,433,17,162.0,2025/12/15,cancelled,9.27,4.13,61.0,5.06
752,327,44,50.0,2025/08/11,CANCELLED,$124.32,6.92,0.0,0.73
753,102,9,160.0,2026-04-17 21:36:08,complete,43.15,4.39,107.0,5.16
754,158,34,36.0,2025-08-26 17:24:51,delivered,74.13,8.44,112.0,
755,154,3,170.0,06/25/2026 22:27,In Progress,85.1,6.54,-5.0,16.74
756,383,72,196.0,2026/05/08,pending,$83.41,7.02,0.0,11.46
757,52,55,120.0,2026/03/25,completed,$46.36,2.19,0.0,7.26
758,31,2,48.0,2026-04-20 18:25:42,complete,34.8,2.89,49.0,13.21
759,358,46,16.0,2025/07/07,In Progress,$79.47,5.0,0.0,0.81
760,225,66,160.0,2026/01/14,COMPLETED,$14.75,3.29,29.0,
761,331,85,91.0,2026-04-23 21:06:20,CANCELLED,132.98,5.79,0.0,19.41
762,79,61,52.0,2025/11/15,COMPLETED,133.63,2.35,16.0,15.37
763,2,54,87.0,2025-08-07 12:58:50,PENDING,102.8,9.3,-5.0,
764,203,2,77.0,2025/11/17,completed,87.56,7.51,,
765,85,36,107.0,2026-05-17 14:44:59,PENDING,54.75,9.61,,
766,427,52,95.0,2025-08-21 18:32:22,PENDING,$38.51,5.5,,
767,421,44,134.0,2026-04-01 23:45:25,canceled,80.64,4.62,0.0,14.66
768,7,82,32.0,2025/12/26,COMPLETED,25.43,2.54,0.0,
769,224,89,125.0,2026/03/06,complete,47.1,2.61,0.0,
770,224,81,91.0,2026/11/20,pending,17.43,7.63,53.0,
771,32,60,192.0,2025-09-26 14:21:11,delivered,-64.82,4.44,,0.1
772,156,68,193.0,2025/11/06,delivered,144.42,4.62,0.0,
773,386,92,168.0,2026/02/27,complete,82.94,7.25,59.0,3.86
774,155,81,9.0,2026-05-10 04:52:07,DELIVERED,95.62,4.99,-5.0,
775,305,65,93.0,2025/08/01,Completed,69.54,4.66,-5.0,
776,286,39,34.0,2025-08-04 04:25:52,in_progress,67.43,8.29,-5.0,
777,36,3,190.0,2026/04/25,COMPLETED,$25.88,9.92,100.0,
778,374,17,64.0,05/01/2026 05:03,In Progress,$77.52,5.05,,5.19
779,362,79,84.0,2026/04/20,complete,$119.83,3.8,-5.0,
780,320,65,158.0,2025-11-15 02:59:38,completed,$61.62,8.98,,12.84
781,129,12,,05/14/2026 08:48,PENDING,83.08,9.13,37.0,3.44
782,288,23,115.0,06/21/2026 11:11,delivered,$92.38,3.24,77.0,0.31
783,432,44,196.0,09/03/2025 14:43,cancelled,8.42,5.66,63.0,
784,358,85,128.0,05/08/2026 18:07,DELIVERED,10.45,2.92,89.0,2.51
785,160,25,28.0,2025/07/14,completed,92.86,5.6,50.0,
786,416,24,38.0,2026/05/18,DELIVERED,93.63,6.3,,
787,423,19,41.0,12/29/2025 20:16,delivered,$31.91,6.6,0.0,13.51
788,403,6,37.0,2026/02/02,complete,142.14,2.51,,
789,328,94,164.0,2025-07-10 22:35:42,delivered,141.19,6.27,-5.0,
790,412,47,12.0,10/23/2025 06:21,delivered,59.02,3.33,0.0,10.78
791,320,58,113.0,2026/02/15,In Progress,64.04,9.61,26.0,
792,162,15,170.0,2025-08-29 10:12:59,completed,29.98,2.5,35.0,
793,193,89,187.0,2026/06/25,CANCELLED,110.69,9.42,0.0,
794,327,94,35.0,2025/11/22,complete,$137.2,8.92,47.0,
795,37,73,26.0,08/08/2025 17:57,In Progress,$135.39,8.14,-5.0,0.64
796,485,71,49.0,2026/02/18,complete,136.8,9.06,42.0,
797,61,39,13.0,07/23/2025 04:52,completed,$7.77,8.99,,8.33
798,428,83,70.0,02/22/2026 02:07,completed,16.54,6.32,-5.0,
799,152,77,37.0,03/30/2026 03:16,canceled,99.38,4.03,-5.0,
800,222,88,33.0,2026-01-15 07:27:41,delivered,139.94,6.45,0.0,
801,402,14,51.0,02/12/2026 13:08,pending,62.92,5.57,93.0,12.06
802,216,96,112.0,2026-07-12 11:33:20,in_progress,42.89,2.71,-5.0,
803,150,7,77.0,2026/03/21,CANCELLED,117.21,9.76,0.0,17.63
804,479,48,97.0,08/28/2025 03:06,DELIVERED,20.95,9.15,-5.0,16.27
805,137,7,41.0,2025/07/01,In Progress,30.31,9.41,64.0,10.15
806,483,50,116.0,05/23/2026 07:12,complete,107.05,7.01,0.0,13.38
807,4,56,45.0,2026-02-19 22:46:39,delivered,74.38,8.48,,
808,326,69,120.0,2026-05-02 16:09:04,canceled,38.26,5.53,80.0,
809,483,86,20.0,2026-06-26 07:47:47,delivered,133.57,3.1,81.0,14.67
810,303,34,26.0,2026-01-11 14:21:22,Completed,$133.09,8.93,0.0,
811,272,94,94.0,2025-07-08 19:50:13,DELIVERED,$98.12,3.95,0.0,
812,207,44,56.0,2026-06-02 13:25:54,CANCELLED,71.06,8.52,83.0,
813,306,21,151.0,2025-08-12 02:51:41,Completed,$-128.9,6.39,42.0,16.11
814,256,35,195.0,2026-03-03 07:15:52,Completed,88.22,7.11,0.0,6.2
815,325,46,28.0,2026/03/23,Completed,13.17,5.99,82.0,
816,235,62,132.0,2025/08/08,delivered,$14.38,8.94,0.0,11.21
817,256,59,48.0,09/14/2025 18:56,cancelled,111.95,6.98,45.0,1.57
818,277,67,122.0,2026/03/02,Completed,106.01,6.51,100.0,15.07
819,39,37,129.0,2026/01/14,pending,$45.89,8.04,111.0,
820,404,87,113.0,09/21/2025 15:30,delivered,139.15,9.36,,
821,344,20,174.0,11/18/2025 03:15,cancelled,112.68,4.01,16.0,3.2
822,7,62,93.0,2026-04-24 14:51:26,delivered,$27.58,2.06,27.0,
823,71,70,147.0,04/28/2026 21:19,complete,147.1,6.24,23.0,1.74
824,33,47,35.0,2025-08-16 16:33:49,COMPLETED,88.06,7.73,114.0,
825,487,40,190.0,2025/12/16,DELIVERED,47.13,5.45,,8.61
826,125,65,135.0,2025/11/27,CANCELLED,124.0,9.37,0.0,
827,31,80,52.0,2025-09-05 16:27:20,delivered,$84.29,3.3,63.0,15.39
828,371,70,200.0,08/21/2025 06:36,in_progress,$38.9,6.84,0.0,
829,356,47,169.0,2026-05-10 13:16:30,complete,140.29,7.0,-5.0,16.64
830,241,37,167.0,2025/07/29,Completed,90.43,4.28,0.0,
831,458,14,58.0,2025/07/05,delivered,$123.91,6.78,0.0,6.71
832,248,49,,2026-01-19 22:13:09,pending,$77.65,4.28,,
833,166,44,20.0,2025-11-27 16:26:06,pending,$13.79,7.9,42.0,4.84
834,366,73,124.0,2026/02/21,completed,35.0,2.57,87.0,10.08
835,387,19,122.0,06/30/2025 09:17,in_progress,128.64,8.26,109.0,2.37
836,174,84,48.0,2025-12-28 05:56:28,in_progress,72.58,2.88,0.0,9.54
837,236,33,138.0,11/21/2025 09:54,DELIVERED,$55.4,8.07,51.0,
838,443,31,75.0,2026/02/14,Cancelled,58.48,5.7,-5.0,11.12
839,366,53,93.0,2025-08-05 02:25:47,complete,106.33,7.21,-5.0,6.05
840,444,6,67.0,2026/01/15,delivered,148.38,9.44,66.0,11.86
841,495,17,17.0,2025-10-24 17:45:19,In Progress,109.14,8.68,96.0,15.83
842,477,65,91.0,2025/11/03,pending,124.73,6.7,99.0,
843,211,48,33.0,2025/08/10,Cancelled,$97.21,3.55,-5.0,11.02
844,261,97,148.0,2026/06/05,CANCELLED,$100.6,9.62,,19.25
845,31,36,129.0,2025/10/19,DELIVERED,25.43,9.16,0.0,8.74
846,265,8,108.0,2025-10-01 06:58:42,Completed,111.29,7.86,117.0,15.59
847,463,67,198.0,2025/08/13,Cancelled,$144.68,2.93,,8.96
848,81,47,27.0,2025/12/31,Completed,$60.78,4.36,37.0,
849,35,10,59.0,07/14/2025 16:10,in_progress,148.47,9.23,-5.0,7.24
850,468,91,85.0,2026/02/01,PENDING,72.31,3.84,18.0,18.96
851,465,57,32.0,2025/11/21,complete,87.92,8.56,,7.22
852,319,93,199.0,2026-11-02 12:01:49,pending,$72.47,7.91,117.0,
853,281,73,36.0,11/13/2025 08:50,In Progress,80.18,9.69,,
854,2,44,132.0,10/26/2025 10:48,In Progress,100.64,4.81,92.0,8.02
855,216,76,188.0,2026-01-11 03:51:21,PENDING,65.03,8.52,0.0,
856,335,28,111.0,2025/07/26,complete,$105.19,5.24,22.0,6.67
857,305,90,181.0,05/06/2026 20:43,in_progress,136.87,3.77,25.0,8.14
858,275,59,167.0,2025/07/22,complete,46.22,2.59,38.0,
859,349,52,55.0,2026-04-10 19:48:41,COMPLETED,107.25,8.55,,12.15
860,209,45,182.0,01/28/2026 10:51,COMPLETED,$122.77,9.82,0.0,
861,379,89,37.0,02/27/2026 11:04,COMPLETED,$146.01,3.31,24.0,
862,214,25,49.0,05/15/2026 06:49,pending,136.04,2.19,0.0,0.04
863,176,48,73.0,2025/10/28,Cancelled,29.82,4.66,,
864,112,38,122.0,2025-07-19 12:20:36,pending,$112.73,7.95,44.0,
865,22,65,151.0,07/27/2025 01:43,canceled,$52.67,8.81,,
866,377,41,7.0,2025-07-14 02:57:32,Completed,38.48,3.06,0.0,6.16
867,374,96,71.0,2025/09/29,PENDING,$73.16,5.91,0.0,6.32
868,349,78,44.0,09/25/2025 06:57,cancelled,58.13,9.67,,
869,371,69,68.0,2025-12-23 12:43:05,cancelled,119.3,3.14,,8.39
870,54,50,46.0,05/30/2026 06:42,in_progress,83.33,3.4,104.0,
871,46,54,103.0,2026/05/21,in_progress,30.63,3.11,-5.0,2.93
872,300,79,129.0,2025/10/01,canceled,91.21,4.77,97.0,13.99
873,446,3,97.0,2025/10/11,DELIVERED,81.23,3.85,,
874,251,35,32.0,06/27/2026 04:39,In Progress,$141.26,4.45,97.0,4.31
875,25,82,162.0,2026-03-12 17:21:17,pending,84.5,9.02,-5.0,5.82
876,7,64,190.0,05/03/2026 02:47,canceled,50.56,3.13,16.0,16.49
877,364,3,64.0,10/29/2025 22:36,in_progress,102.67,2.93,109.0,
878,7,68,46.0,2025-07-01 04:21:21,canceled,$32.04,7.68,113.0,
879,409,71,130.0,09/06/2025 00:11,cancelled,77.76,2.51,27.0,11.36
880,84,45,37.0,2026-09-05 01:47:35,CANCELLED,$133.5,7.28,,3.71
881,190,48,183.0,2025/08/16,DELIVERED,$77.75,8.07,0.0,
882,188,25,,2025-10-26 15:25:36,complete,$28.44,3.25,-5.0,10.87
883,447,74,180.0,2025/07/02,complete,54.3,3.95,21.0,
884,407,67,192.0,09/20/2025 05:03,complete,$117.56,9.79,0.0,13.91
885,99,27,71.0,2026-04-27 01:05:57,PENDING,39.51,7.97,0.0,0.61
886,234,41,108.0,02/26/2026 22:39,Cancelled,37.74,3.85,0.0,18.28
887,101,25,169.0,10/08/2025 23:51,cancelled,$35.96,9.78,,
888,95,36,139.0,11/19/2025 07:49,delivered,$102.81,5.05,0.0,6.01
889,251,55,80.0,2025-09-13 13:27:15,PENDING,54.5,6.97,48.0,
890,61,36,179.0,07/02/2025 01:05,completed,67.99,9.97,,
891,55,24,150.0,2025-08-05 12:00:51,delivered,49.69,7.99,118.0,
892,481,38,168.0,2026/02/05,pending,125.63,5.47,-5.0,
893,94,30,65.0,01/20/2026 16:48,CANCELLED,$21.54,8.06,-5.0,3.0
894,97,82,34.0,05/31/2026 13:38,PENDING,47.42,4.49,0.0,
895,342,62,87.0,2026/02/24,canceled,$74.1,3.88,63.0,13.46
896,89,43,150.0,2026/06/10,PENDING,$128.52,2.34,109.0,14.62
897,417,100,7.0,03/23/2026 05:09,cancelled,29.63,9.74,,
898,44,67,94.0,2026-04-11 14:19:39,PENDING,114.59,4.34,0.0,13.22
899,95,1,179.0,2026/05/26,Cancelled,74.76,5.3,0.0,
900,125,96,172.0,2025/08/10,Completed,122.68,2.25,52.0,15.53
901,282,22,148.0,2025-08-17 00:57:29,COMPLETED,$123.9,9.49,92.0,
902,123,72,7.0,2025/11/24,in_progress,$48.54,5.73,,
903,294,49,193.0,06/05/2026 10:36,canceled,137.7,9.9,-5.0,1.08
904,394,83,163.0,2026-03-24 13:29:06,CANCELLED,$-78.78,7.01,94.0,2.27
905,78,78,30.0,2025/07/13,In Progress,82.85,9.21,,4.42
906,340,37,122.0,2025-11-27 16:39:47,COMPLETED,38.1,9.15,,13.28
907,248,97,187.0,2026-06-25 06:10:59,Cancelled,21.52,8.69,,
908,375,34,174.0,01/18/2026 09:09,COMPLETED,41.63,7.76,-5.0,10.43
909,34,15,130.0,08/27/2025 05:51,In Progress,21.08,7.69,-5.0,16.03
910,54,58,46.0,05/19/2026 10:48,COMPLETED,$123.01,5.0,-5.0,8.75
911,293,60,101.0,2025/10/15,complete,$-56.72,9.99,116.0,18.04
912,317,33,14.0,2025-12-14 08:21:07,complete,73.44,3.21,0.0,
913,93,45,193.0,2025/10/23,Cancelled,131.9,3.35,92.0,
914,79,81,56.0,2025/07/19,delivered,-57.12,2.09,0.0,
915,316,89,127.0,03/18/2026 22:10,canceled,$92.81,9.13,-5.0,13.29
916,105,94,139.0,2026-03-30 20:22:50,complete,81.39,5.11,52.0,
917,395,71,96.0,01/26/2026 00:21,CANCELLED,-36.94,9.39,0.0,16.62
918,73,55,,2026-05-16 05:51:51,canceled,9.62,5.71,,
919,135,94,43.0,02/26/2026 08:26,cancelled,27.95,7.7,-5.0,
920,69,65,98.0,07/15/2025 12:10,delivered,$36.48,3.45,,
921,46,27,144.0,08/31/2026 09:00,CANCELLED,145.84,5.41,,
922,219,88,66.0,2025/11/27,delivered,142.97,3.47,0.0,1.78
923,305,31,161.0,12/03/2025 03:14,CANCELLED,127.94,5.84,36.0,4.78
924,342,99,153.0,12/18/2025 01:07,CANCELLED,52.22,2.52,85.0,
925,255,22,119.0,11/27/2025 04:44,In Progress,111.82,2.58,30.0,8.05
926,188,20,41.0,2025/07/06,delivered,$139.0,4.16,,8.38
927,335,4,130.0,2025-08-05 06:55:13,DELIVERED,11.53,7.56,108.0,
928,116,6,178.0,04/19/2026 06:07,DELIVERED,102.26,8.89,87.0,8.21
929,403,55,128.0,2026/06/25,canceled,87.59,8.61,-5.0,
930,128,3,145.0,05/23/2026 08:58,pending,$28.69,8.88,27.0,0.36
931,430,48,52.0,2025/08/11,CANCELLED,126.98,2.2,-5.0,
932,367,9,79.0,2026/02/23,in_progress,87.04,4.98,120.0,
933,104,47,86.0,2026-03-06 23:06:45,CANCELLED,$29.54,7.04,,4.98
934,21,98,50.0,2026-05-09 08:03:21,In Progress,102.41,8.3,-5.0,
935,247,8,107.0,2026-06-05 14:26:14,cancelled,$62.01,8.78,-5.0,9.21
936,310,66,80.0,06/06/2026 02:43,DELIVERED,129.57,7.34,66.0,15.0
937,45,11,104.0,2026/02/04,CANCELLED,35.49,5.73,0.0,14.57
938,411,30,11.0,10/07/2026 12:28,Cancelled,148.28,6.52,-5.0,4.84
939,319,42,,2026/02/14,Completed,93.15,6.66,0.0,
940,450,63,,2026/04/22,In Progress,61.28,9.11,,
941,71,99,123.0,05/01/2026 09:52,Completed,$128.68,6.88,79.0,4.69
942,380,87,147.0,2026-05-06 12:15:55,pending,34.43,4.23,63.0,
943,4,9,179.0,2025/08/09,completed,123.47,2.27,42.0,
944,46,89,180.0,2026-01-02 16:15:07,Completed,120.64,7.0,52.0,
945,18,87,169.0,2025/07/31,pending,39.13,4.73,72.0,4.34
946,154,52,189.0,2025/09/07,CANCELLED,45.14,7.8,0.0,
947,352,67,86.0,2025-07-23 09:24:07,In Progress,42.47,4.18,,14.78
948,365,24,109.0,2026-06-10 21:47:25,cancelled,135.54,2.15,0.0,
949,137,17,61.0,2026-01-03 10:44:06,Cancelled,141.56,6.73,-5.0,17.04
950,29,9,186.0,2026-05-08 15:31:07,completed,71.48,8.86,-5.0,
951,112,20,180.0,2026-02-22 05:52:16,complete,$8.26,6.97,62.0,17.71
952,25,37,52.0,2026/02/01,DELIVERED,52.45,4.85,0.0,16.8
953,357,15,31.0,09/04/2025 03:39,PENDING,126.06,5.92,96.0,
954,101,41,169.0,2026/06/04,pending,123.11,6.76,0.0,
955,230,42,22.0,2026/04/09,COMPLETED,58.76,8.27,,17.9
956,126,34,192.0,2026/01/05,Completed,75.64,9.89,0.0,4.68
957,228,9,121.0,05/20/2026 18:15,In Progress,23.42,4.47,105.0,14.33
958,469,82,157.0,2025/09/30,COMPLETED,122.51,3.04,110.0,
959,435,53,184.0,01/03/2026 12:19,in_progress,20.07,3.77,,
960,389,3,94.0,2025/11/03,complete,104.19,6.65,-5.0,11.48
961,451,90,37.0,02/06/2026 02:28,PENDING,90.76,3.61,,14.97
962,29,32,140.0,2026/03/07,cancelled,77.1,7.78,,8.53
963,439,42,182.0,2025/08/16,COMPLETED,22.94,2.64,-5.0,15.89
964,348,45,133.0,11/03/2025 15:03,COMPLETED,5.91,9.55,-5.0,0.59
965,325,39,139.0,04/15/2026 01:42,DELIVERED,$69.11,3.55,,4.86
966,352,82,128.0,05/23/2026 21:18,complete,107.72,6.99,68.0,10.66
967,311,14,33.0,2026/02/06,completed,$119.55,7.39,98.0,
968,372,58,193.0,2026/05/03,In Progress,7.16,5.96,0.0,2.42
969,220,79,111.0,2026/05/06,canceled,76.61,7.77,0.0,
970,255,93,163.0,08/03/2025 18:54,DELIVERED,125.12,4.77,-5.0,15.96
971,32,41,6.0,11/30/2025 02:52,completed,140.96,7.08,-5.0,
972,46,6,63.0,2026-03-14 15:25:55,Completed,35.61,6.47,60.0,6.06
973,298,87,112.0,03/08/2026 23:14,pending,141.47,3.13,84.0,
974,434,99,23.0,2026-02-16 07:45:55,Completed,92.55,2.63,,
975,406,69,94.0,10/15/2025 19:13,Completed,133.77,2.53,0.0,13.72
976,478,97,84.0,2026/06/27,canceled,116.9,3.23,,
977,370,80,39.0,11/16/2025 11:30,DELIVERED,11.45,2.54,-5.0,
978,336,51,106.0,2025/07/20,completed,$29.26,3.42,68.0,
979,395,64,13.0,2025-07-10 19:00:46,complete,34.22,2.6,0.0,
980,89,59,73.0,2025-09-05 04:13:11,canceled,30.45,8.54,70.0,0.83
981,70,23,173.0,2025/11/03,Completed,89.19,7.71,0.0,17.26
982,190,20,146.0,2025-11-17 14:15:46,In Progress,116.26,4.29,-5.0,7.02
983,302,53,158.0,01/12/2026 21:15,DELIVERED,$45.56,3.05,0.0,13.23
984,274,87,150.0,09/25/2025 12:40,completed,$70.8,4.93,62.0,
985,321,72,24.0,2025-10-24 05:01:35,Completed,$92.79,4.46,23.0,16.81
986,146,98,102.0,2025-08-06 06:52:44,in_progress,$130.41,8.06,-5.0,
987,211,35,40.0,2025-09-24 04:22:47,canceled,43.32,4.64,-5.0,
988,308,1,52.0,2026-04-29 08:30:25,Cancelled,$95.71,9.03,80.0,
989,344,34,98.0,2025/10/02,In Progress,10.04,7.2,48.0,10.28
990,273,48,72.0,01/30/2026 04:49,In Progress,149.61,4.22,0.0,4.12
991,113,59,6.0,05/14/2026 07:14,delivered,$98.04,2.34,-5.0,2.36
992,195,16,27.0,2025/08/06,completed,$9.26,7.11,,3.36
993,355,32,154.0,2026-05-23 02:25:20,pending,$134.09,6.98,,
994,216,32,178.0,2025/11/20,cancelled,41.36,6.26,22.0,
995,196,27,112.0,11/26/2025 14:53,completed,$149.69,6.14,-5.0,17.25
996,195,4,,2026-05-14 06:32:44,PENDING,67.79,3.67,,
997,282,42,54.0,12/01/2025 22:07,CANCELLED,$-46.89,4.0,27.0,
998,48,2,194.0,2026-02-24 18:31:49,Cancelled,74.59,3.33,49.0,
999,4,27,119.0,2025-09-01 18:40:46,cancelled,$42.04,2.15,61.0,3.81
1000,66,10,95.0,2026/04/08,cancelled,26.02,3.9,,16.3
